Timestamp,Frame,ID,YOLO_Conf,Flicker_Score,Growth_Score,FINAL_SCORE,Alarm
10:29:02.484,3,None,0.00,0.00,0.00,0.00,NO
10:29:02.608,6,None,0.00,0.00,0.00,0.00,NO
10:29:02.665,9,None,0.00,0.00,0.00,0.00,NO
10:29:02.703,12,None,0.00,0.00,0.00,0.00,NO
10:29:02.738,15,None,0.00,0.00,0.00,0.00,NO
10:29:02.773,18,None,0.00,0.00,0.00,0.00,NO
10:29:02.808,21,None,0.00,0.00,0.00,0.00,NO
10:29:02.843,24,None,0.00,0.00,0.00,0.00,NO
10:29:02.877,27,None,0.00,0.00,0.00,0.00,NO
10:29:02.925,30,None,0.00,0.00,0.00,0.00,NO
10:29:02.959,33,None,0.00,0.00,0.00,0.00,NO
10:29:02.993,36,None,0.00,0.00,0.00,0.00,NO
10:29:03.029,39,None,0.00,0.00,0.00,0.00,NO
10:29:03.063,42,None,0.00,0.00,0.00,0.00,NO
10:29:03.096,45,None,0.00,0.00,0.00,0.00,NO
10:29:03.131,48,None,0.00,0.00,0.00,0.00,NO
10:29:03.165,51,None,0.00,0.00,0.00,0.00,NO
10:29:03.199,54,None,0.00,0.00,0.00,0.00,NO
10:29:03.234,57,None,0.00,0.00,0.00,0.00,NO
10:29:03.268,60,None,0.00,0.00,0.00,0.00,NO
10:29:03.301,63,None,0.00,0.00,0.00,0.00,NO
10:29:03.335,66,0,0.45,0.00,0.00,0.18,NO
10:29:03.335,66,1,0.44,0.00,0.00,0.18,NO
10:29:03.369,69,0,0.43,0.00,0.00,0.17,NO
10:29:03.369,69,1,0.42,0.00,0.00,0.17,NO
10:29:03.404,72,0,0.44,0.00,0.00,0.18,NO
10:29:03.404,72,1,0.43,0.00,0.00,0.17,NO
10:29:03.438,75,0,0.45,0.00,0.00,0.18,NO
10:29:03.438,75,1,0.44,0.00,0.00,0.18,NO
10:29:03.472,78,0,0.41,0.00,0.00,0.16,NO
10:29:03.506,81,0,0.40,0.00,0.00,0.16,NO
10:29:03.540,84,0,0.41,0.00,0.00,0.16,NO
10:29:03.573,87,0,0.42,0.00,0.00,0.17,NO
10:29:03.573,87,2,0.40,0.00,0.00,0.16,NO
10:29:03.607,90,0,0.42,0.00,0.00,0.17,NO
10:29:03.607,90,2,0.41,0.00,0.00,0.16,NO
10:29:03.641,93,0,0.42,0.00,0.00,0.17,NO
10:29:03.641,93,2,0.41,0.00,0.00,0.16,NO
10:29:03.674,96,0,0.41,0.00,0.00,0.16,NO
10:29:03.709,99,0,0.41,0.00,0.00,0.16,NO
10:29:03.709,99,3,0.40,0.00,0.00,0.16,NO
10:29:03.743,102,0,0.41,0.00,0.00,0.16,NO
10:29:03.776,105,0,0.42,0.00,0.00,0.17,NO
10:29:03.776,105,4,0.41,0.00,0.00,0.17,NO
10:29:03.809,108,None,0.00,0.00,0.00,0.00,NO
10:29:03.844,111,5,0.41,0.00,0.00,0.16,NO
10:29:03.877,114,None,0.00,0.00,0.00,0.00,NO
10:29:03.910,117,None,0.00,0.00,0.00,0.00,NO
10:29:03.944,120,None,0.00,0.00,0.00,0.00,NO
10:29:03.977,123,None,0.00,0.00,0.00,0.00,NO
10:29:04.010,126,None,0.00,0.00,0.00,0.00,NO
10:29:04.046,129,6,0.40,0.00,0.00,0.16,NO
10:29:04.079,132,None,0.00,0.00,0.00,0.00,NO
10:29:04.112,135,None,0.00,0.00,0.00,0.00,NO
10:29:04.146,138,None,0.00,0.00,0.00,0.00,NO
10:29:04.179,141,None,0.00,0.00,0.00,0.00,NO
10:29:04.212,144,None,0.00,0.00,0.00,0.00,NO
10:29:04.246,147,None,0.00,0.00,0.00,0.00,NO
10:29:04.279,150,None,0.00,0.00,0.00,0.00,NO
10:29:04.313,153,7,0.45,0.00,0.00,0.18,NO
10:29:04.313,153,8,0.43,0.00,0.00,0.17,NO
10:29:04.348,156,7,0.44,0.00,0.00,0.17,NO
10:29:04.348,156,8,0.42,0.00,0.00,0.17,NO
10:29:04.382,159,7,0.43,0.00,0.00,0.17,NO
10:29:04.382,159,8,0.41,0.00,0.00,0.17,NO
10:29:04.415,162,7,0.43,0.00,0.00,0.17,NO
10:29:04.415,162,8,0.41,0.00,0.00,0.16,NO
10:29:04.448,165,7,0.43,0.00,0.00,0.17,NO
10:29:04.448,165,8,0.41,0.00,0.00,0.16,NO
10:29:04.482,168,7,0.43,0.00,0.00,0.17,NO
10:29:04.482,168,8,0.41,0.00,0.00,0.16,NO
10:29:04.515,171,7,0.44,0.00,0.00,0.18,NO
10:29:04.515,171,8,0.42,0.00,0.00,0.17,NO
10:29:04.550,174,7,0.44,0.00,0.00,0.17,NO
10:29:04.550,174,8,0.42,0.00,0.00,0.17,NO
10:29:04.583,177,7,0.43,0.00,0.00,0.17,NO
10:29:04.583,177,8,0.41,0.00,0.00,0.16,NO
10:29:04.617,180,7,0.43,0.00,0.00,0.17,NO
10:29:04.617,180,8,0.41,0.00,0.00,0.16,NO
10:29:04.651,183,None,0.00,0.00,0.00,0.00,NO
10:29:04.683,186,None,0.00,0.00,0.00,0.00,NO
10:29:04.717,189,None,0.00,0.00,0.00,0.00,NO
10:29:04.751,192,None,0.00,0.00,0.00,0.00,NO
10:29:04.784,195,None,0.00,0.00,0.00,0.00,NO
10:29:04.818,198,None,0.00,0.00,0.00,0.00,NO
10:29:04.852,201,None,0.00,0.00,0.00,0.00,NO
10:29:04.886,204,None,0.00,0.00,0.00,0.00,NO
10:29:04.919,207,None,0.00,0.00,0.00,0.00,NO
10:29:04.953,210,None,0.00,0.00,0.00,0.00,NO
10:29:04.987,213,None,0.00,0.00,0.00,0.00,NO
10:29:05.020,216,None,0.00,0.00,0.00,0.00,NO
10:29:05.055,219,None,0.00,0.00,0.00,0.00,NO
10:29:05.088,222,None,0.00,0.00,0.00,0.00,NO
10:29:05.122,225,None,0.00,0.00,0.00,0.00,NO
10:29:05.156,228,None,0.00,0.00,0.00,0.00,NO
10:29:05.190,231,None,0.00,0.00,0.00,0.00,NO
10:29:05.223,234,None,0.00,0.00,0.00,0.00,NO
10:29:05.257,237,None,0.00,0.00,0.00,0.00,NO
10:29:05.291,240,None,0.00,0.00,0.00,0.00,NO
10:29:05.325,243,None,0.00,0.00,0.00,0.00,NO
10:29:05.359,246,None,0.00,0.00,0.00,0.00,NO
10:29:05.393,249,None,0.00,0.00,0.00,0.00,NO
10:29:05.426,252,None,0.00,0.00,0.00,0.00,NO
10:29:05.461,255,None,0.00,0.00,0.00,0.00,NO
10:29:05.494,258,None,0.00,0.00,0.00,0.00,NO
10:29:05.528,261,None,0.00,0.00,0.00,0.00,NO
10:29:05.561,264,None,0.00,0.00,0.00,0.00,NO
10:29:05.595,267,None,0.00,0.00,0.00,0.00,NO
10:29:05.628,270,None,0.00,0.00,0.00,0.00,NO
10:29:05.662,273,None,0.00,0.00,0.00,0.00,NO
10:29:05.695,276,None,0.00,0.00,0.00,0.00,NO
10:29:05.728,279,None,0.00,0.00,0.00,0.00,NO
10:29:05.762,282,None,0.00,0.00,0.00,0.00,NO
10:29:05.795,285,None,0.00,0.00,0.00,0.00,NO
10:29:05.828,288,None,0.00,0.00,0.00,0.00,NO
10:29:05.862,291,None,0.00,0.00,0.00,0.00,NO
10:29:05.894,294,None,0.00,0.00,0.00,0.00,NO
10:29:05.927,297,None,0.00,0.00,0.00,0.00,NO
10:29:05.960,300,None,0.00,0.00,0.00,0.00,NO
10:29:05.993,303,None,0.00,0.00,0.00,0.00,NO
10:29:06.027,306,None,0.00,0.00,0.00,0.00,NO
10:29:06.060,309,None,0.00,0.00,0.00,0.00,NO
10:29:06.093,312,None,0.00,0.00,0.00,0.00,NO
10:29:06.127,315,None,0.00,0.00,0.00,0.00,NO
10:29:06.160,318,None,0.00,0.00,0.00,0.00,NO
10:29:06.193,321,None,0.00,0.00,0.00,0.00,NO
10:29:06.227,324,None,0.00,0.00,0.00,0.00,NO
10:29:06.262,327,None,0.00,0.00,0.00,0.00,NO
10:29:06.295,330,None,0.00,0.00,0.00,0.00,NO
10:29:06.328,333,None,0.00,0.00,0.00,0.00,NO
10:29:06.362,336,None,0.00,0.00,0.00,0.00,NO
10:29:06.395,339,None,0.00,0.00,0.00,0.00,NO
10:29:06.428,342,None,0.00,0.00,0.00,0.00,NO
10:29:06.461,345,None,0.00,0.00,0.00,0.00,NO
10:29:06.494,348,None,0.00,0.00,0.00,0.00,NO
10:29:06.527,351,None,0.00,0.00,0.00,0.00,NO
10:29:06.561,354,9,0.55,0.00,0.00,0.22,NO
10:29:06.561,354,10,0.43,0.00,0.00,0.17,NO
10:29:06.594,357,9,0.59,0.00,0.00,0.24,NO
10:29:06.594,357,10,0.49,0.00,0.00,0.19,NO
10:29:06.628,360,10,0.44,0.00,0.00,0.18,NO
10:29:06.628,360,9,0.41,0.00,0.00,0.17,NO
10:29:06.628,360,11,0.47,0.00,0.00,0.19,NO
10:29:06.628,360,12,0.44,0.00,0.00,0.17,NO
10:29:06.628,360,13,0.53,0.00,0.00,0.21,NO
10:29:06.628,360,14,0.46,0.00,0.00,0.18,NO
10:29:06.628,360,15,0.41,0.00,0.00,0.16,NO
10:29:06.628,360,16,0.69,0.00,0.00,0.28,NO
10:29:06.628,360,17,0.60,0.00,0.00,0.24,NO
10:29:06.662,363,17,0.60,0.00,0.00,0.24,NO
10:29:06.662,363,10,0.49,0.00,0.00,0.19,NO
10:29:06.695,366,10,0.52,0.00,0.00,0.21,NO
10:29:06.695,366,17,0.41,0.00,0.00,0.16,NO
10:29:06.729,369,10,0.53,0.02,0.65,0.35,NO
10:29:06.729,369,17,0.41,0.00,0.00,0.16,NO
10:29:06.763,372,10,0.59,0.03,0.63,0.37,NO
10:29:06.763,372,17,0.47,0.00,0.00,0.19,NO
10:29:06.797,375,17,0.47,0.02,0.15,0.23,NO
10:29:06.829,378,17,0.52,0.02,0.19,0.26,NO
10:29:06.829,378,18,0.45,0.00,0.00,0.18,NO
10:29:06.863,381,18,0.41,0.00,0.00,0.16,NO
10:29:06.897,384,19,0.40,0.00,0.00,0.16,NO
10:29:06.897,384,20,0.43,0.00,0.00,0.17,NO
10:29:06.897,384,18,0.46,0.00,0.00,0.18,NO
10:29:06.897,384,21,0.43,0.00,0.00,0.17,NO
10:29:06.929,387,19,0.44,0.00,0.00,0.18,NO
10:29:06.929,387,21,0.45,0.00,0.00,0.18,NO
10:29:06.929,387,18,0.55,0.00,0.00,0.22,NO
10:29:06.929,387,20,0.43,0.00,0.00,0.17,NO
10:29:06.929,387,22,0.46,0.00,0.00,0.18,NO
10:29:06.963,390,21,0.41,0.00,0.00,0.16,NO
10:29:06.963,390,18,0.47,0.00,0.00,0.19,NO
10:29:06.963,390,22,0.42,0.00,0.00,0.17,NO
10:29:06.996,393,18,0.40,0.05,1.00,0.38,NO
10:29:06.996,393,23,0.47,0.00,0.00,0.19,NO
10:29:06.996,393,21,0.41,0.00,0.00,0.16,NO
10:29:06.996,393,24,0.69,0.00,0.00,0.28,NO
10:29:06.996,393,25,0.73,0.00,0.00,0.29,NO
10:29:06.996,393,22,0.42,0.00,0.00,0.17,NO
10:29:06.996,393,26,0.53,0.00,0.00,0.21,NO
10:29:06.996,393,27,0.61,0.00,0.00,0.24,NO
10:29:07.030,396,27,0.62,0.00,0.00,0.25,NO
10:29:07.030,396,23,0.71,0.00,0.00,0.28,NO
10:29:07.030,396,25,0.40,0.00,0.00,0.16,NO
10:29:07.030,396,18,0.63,0.19,1.00,0.53,NO
10:29:07.030,396,26,0.70,0.00,0.00,0.28,NO
10:29:07.030,396,24,0.82,0.00,0.00,0.33,NO
10:29:07.030,396,28,0.60,0.00,0.00,0.24,NO
10:29:07.030,396,29,0.73,0.00,0.00,0.29,NO
10:29:07.030,396,30,0.75,0.00,0.00,0.30,NO
10:29:07.030,396,31,0.57,0.00,0.00,0.23,NO
10:29:07.030,396,32,0.60,0.00,0.00,0.24,NO
10:29:07.066,399,31,0.54,0.00,0.00,0.22,NO
10:29:07.066,399,28,0.59,0.00,0.00,0.24,NO
10:29:07.066,399,23,0.51,0.00,0.00,0.20,NO
10:29:07.066,399,26,0.56,0.00,0.00,0.22,NO
10:29:07.066,399,18,0.60,0.38,1.00,0.59,NO
10:29:07.066,399,27,0.48,0.00,0.00,0.19,NO
10:29:07.066,399,30,0.61,0.00,0.00,0.24,NO
10:29:07.066,399,32,0.85,0.00,0.00,0.34,NO
10:29:07.066,399,24,0.63,0.00,0.00,0.25,NO
10:29:07.066,399,25,0.55,0.00,0.00,0.22,NO
10:29:07.066,399,29,0.80,0.00,0.00,0.32,NO
10:29:07.066,399,33,0.61,0.00,0.00,0.25,NO
10:29:07.100,402,31,0.68,0.00,0.00,0.27,NO
10:29:07.100,402,33,0.67,0.00,0.00,0.27,NO
10:29:07.100,402,25,0.74,0.00,0.00,0.29,NO
10:29:07.100,402,28,0.73,0.00,0.00,0.29,NO
10:29:07.100,402,26,0.72,0.00,0.00,0.29,NO
10:29:07.100,402,18,0.82,0.49,1.00,0.73,YES
10:29:07.100,402,30,0.51,0.00,0.00,0.20,NO
10:29:07.100,402,24,0.71,0.00,0.00,0.28,NO
10:29:07.100,402,29,0.78,0.00,0.00,0.31,NO
10:29:07.100,402,32,0.52,0.00,0.00,0.21,NO
10:29:07.230,405,32,0.60,0.00,0.00,0.24,NO
10:29:07.230,405,30,0.59,0.00,0.00,0.23,NO
10:29:07.230,405,28,0.61,0.00,0.00,0.24,NO
10:29:07.230,405,33,0.59,0.00,0.00,0.24,NO
10:29:07.230,405,24,0.82,0.00,0.00,0.33,NO
10:29:07.230,405,18,0.73,0.60,1.00,0.73,YES
10:29:07.230,405,29,0.81,0.00,0.00,0.33,NO
10:29:07.230,405,26,0.75,0.00,0.00,0.30,NO
10:29:07.281,408,28,0.48,0.00,0.00,0.19,NO
10:29:07.281,408,32,0.53,0.00,0.00,0.21,NO
10:29:07.281,408,33,0.44,0.00,0.00,0.18,NO
10:29:07.281,408,29,0.77,0.00,0.00,0.31,NO
10:29:07.281,408,18,0.70,0.69,1.00,0.76,YES
10:29:07.281,408,26,0.77,0.22,1.00,0.60,NO
10:29:07.281,408,24,0.72,0.19,1.00,0.57,NO
10:29:07.323,411,32,0.68,0.12,1.00,0.52,NO
10:29:07.323,411,28,0.56,0.12,1.00,0.47,NO
10:29:07.323,411,26,0.54,0.26,1.00,0.52,NO
10:29:07.323,411,24,0.74,0.24,1.00,0.59,NO
10:29:07.323,411,29,0.69,0.10,1.00,0.52,NO
10:29:07.323,411,18,0.60,0.79,1.00,0.76,YES
10:29:07.323,411,33,0.75,0.00,0.00,0.30,NO
10:29:07.323,411,34,0.73,0.00,0.00,0.29,NO
10:29:07.323,411,35,0.47,0.00,0.00,0.19,NO
10:29:07.323,411,36,0.55,0.00,0.00,0.22,NO
10:29:07.323,411,37,0.55,0.00,0.00,0.22,NO
10:29:07.368,414,37,0.58,0.00,0.00,0.23,NO
10:29:07.368,414,36,0.50,0.00,0.00,0.20,NO
10:29:07.368,414,35,0.60,0.00,0.00,0.24,NO
10:29:07.368,414,34,0.41,0.00,0.00,0.16,NO
10:29:07.368,414,18,0.67,0.91,1.00,0.83,YES
10:29:07.368,414,33,0.59,0.09,1.00,0.47,NO
10:29:07.368,414,32,0.65,0.16,1.00,0.53,NO
10:29:07.368,414,24,0.46,0.29,1.00,0.50,NO
10:29:07.368,414,26,0.70,0.32,1.00,0.61,NO
10:29:07.368,414,28,0.65,0.16,1.00,0.52,NO
10:29:07.368,414,29,0.57,0.15,1.00,0.49,NO
10:29:07.368,414,38,0.42,0.00,0.00,0.17,NO
10:29:07.368,414,39,0.60,0.00,0.00,0.24,NO
10:29:07.368,414,40,0.58,0.00,0.00,0.23,NO
10:29:07.421,417,37,0.49,0.00,0.00,0.20,NO
10:29:07.421,417,40,0.63,0.00,0.00,0.25,NO
10:29:07.421,417,35,0.46,0.00,0.00,0.19,NO
10:29:07.421,417,18,0.72,0.99,1.00,0.88,YES
10:29:07.421,417,26,0.55,0.34,1.00,0.56,NO
10:29:07.421,417,32,0.81,0.18,1.00,0.59,NO
10:29:07.421,417,29,0.76,0.18,1.00,0.57,NO
10:29:07.421,417,33,0.57,0.11,1.00,0.47,NO
10:29:07.421,417,28,0.82,0.19,1.00,0.60,NO
10:29:07.421,417,38,0.52,0.00,0.00,0.21,NO
10:29:07.421,417,39,0.53,0.00,0.00,0.21,NO
10:29:07.474,420,38,0.52,0.00,0.00,0.21,NO
10:29:07.474,420,39,0.50,0.00,0.00,0.20,NO
10:29:07.474,420,29,0.64,0.20,1.00,0.54,NO
10:29:07.474,420,18,0.52,1.00,1.00,0.81,YES
10:29:07.474,420,28,0.66,0.21,1.00,0.55,NO
10:29:07.474,420,33,0.60,0.12,1.00,0.49,NO
10:29:07.474,420,26,0.76,0.36,1.00,0.65,NO
10:29:07.474,420,35,0.59,0.00,0.00,0.24,NO
10:29:07.474,420,32,0.67,0.21,1.00,0.55,NO
10:29:07.474,420,37,0.63,0.00,0.00,0.25,NO
10:29:07.474,420,40,0.77,0.00,0.00,0.31,NO
10:29:07.474,420,41,0.50,0.00,0.00,0.20,NO
10:29:07.474,420,42,0.51,0.00,0.00,0.20,NO
10:29:07.474,420,43,0.55,0.00,0.00,0.22,NO
10:29:07.474,420,44,0.62,0.00,0.00,0.25,NO
10:29:07.528,423,38,0.48,0.00,0.00,0.19,NO
10:29:07.528,423,42,0.55,0.00,0.00,0.22,NO
10:29:07.528,423,28,0.68,0.21,1.00,0.56,NO
10:29:07.528,423,44,0.50,0.00,0.00,0.20,NO
10:29:07.528,423,32,0.77,0.20,1.00,0.59,NO
10:29:07.528,423,43,0.42,0.00,0.00,0.17,NO
10:29:07.528,423,40,0.69,0.00,0.00,0.28,NO
10:29:07.528,423,37,0.54,0.00,0.00,0.21,NO
10:29:07.528,423,26,0.78,0.36,1.00,0.65,YES
10:29:07.528,423,41,0.40,0.00,0.00,0.16,NO
10:29:07.528,423,18,0.54,1.00,1.00,0.82,YES
10:29:07.528,423,35,0.47,0.00,0.00,0.19,NO
10:29:07.528,423,33,0.59,0.12,1.00,0.48,NO
10:29:07.592,426,40,0.51,0.00,0.00,0.20,NO
10:29:07.592,426,28,0.54,0.20,1.00,0.50,NO
10:29:07.592,426,18,0.68,1.00,1.00,0.87,YES
10:29:07.592,426,26,0.61,0.34,1.00,0.58,NO
10:29:07.592,426,32,0.70,0.19,1.00,0.56,NO
10:29:07.592,426,33,0.48,0.10,1.00,0.43,NO
10:29:07.592,426,43,0.75,0.00,0.00,0.30,NO
10:29:07.592,426,41,0.67,0.00,0.00,0.27,NO
10:29:07.592,426,35,0.74,0.02,1.00,0.50,NO
10:29:07.592,426,37,0.55,0.02,1.00,0.43,NO
10:29:07.592,426,38,0.63,0.00,0.00,0.25,NO
10:29:07.592,426,42,0.61,0.00,0.00,0.25,NO
10:29:07.592,426,44,0.61,0.00,0.00,0.24,NO
10:29:07.592,426,45,0.53,0.00,0.00,0.21,NO
10:29:07.644,429,28,0.47,0.20,1.00,0.47,NO
10:29:07.644,429,40,0.55,0.00,0.00,0.22,NO
10:29:07.644,429,32,0.47,0.18,1.00,0.46,NO
10:29:07.644,429,33,0.57,0.10,1.00,0.47,NO
10:29:07.644,429,35,0.79,0.02,0.16,0.35,NO
10:29:07.644,429,18,0.46,1.00,1.00,0.78,YES
10:29:07.644,429,37,0.81,0.02,0.13,0.36,NO
10:29:07.644,429,26,0.81,0.32,1.00,0.65,YES
10:29:07.644,429,44,0.52,0.00,0.00,0.21,NO
10:29:07.644,429,43,0.82,0.00,0.00,0.33,NO
10:29:07.644,429,45,0.59,0.00,0.00,0.23,NO
10:29:07.644,429,41,0.60,0.00,0.00,0.24,NO
10:29:07.697,432,33,0.45,0.09,1.00,0.42,NO
10:29:07.697,432,26,0.47,0.30,1.00,0.51,NO
10:29:07.697,432,41,0.50,0.00,0.00,0.20,NO
10:29:07.697,432,40,0.45,0.01,0.44,0.27,NO
10:29:07.697,432,44,0.64,0.00,0.00,0.26,NO
10:29:07.697,432,18,0.64,1.00,1.00,0.86,YES
10:29:07.697,432,45,0.56,0.00,0.00,0.22,NO
10:29:07.697,432,28,0.48,0.19,1.00,0.46,NO
10:29:07.697,432,43,0.67,0.00,0.00,0.27,NO
10:29:07.697,432,35,0.68,0.01,0.47,0.37,NO
10:29:07.697,432,32,0.46,0.17,1.00,0.45,NO
10:29:07.697,432,37,0.43,0.02,0.53,0.28,NO
10:29:07.697,432,46,0.52,0.00,0.00,0.21,NO
10:29:07.697,432,47,0.61,0.00,0.00,0.24,NO
10:29:07.740,435,44,0.43,0.01,0.00,0.17,NO
10:29:07.740,435,43,0.60,0.01,0.00,0.24,NO
10:29:07.740,435,26,0.53,0.28,1.00,0.52,NO
10:29:07.740,435,41,0.56,0.01,0.00,0.23,NO
10:29:07.740,435,33,0.73,0.09,1.00,0.53,NO
10:29:07.740,435,18,0.67,1.00,1.00,0.87,YES
10:29:07.740,435,45,0.60,0.00,0.00,0.24,NO
10:29:07.740,435,46,0.75,0.00,0.00,0.30,NO
10:29:07.740,435,47,0.70,0.00,0.00,0.28,NO
10:29:07.740,435,32,0.48,0.16,1.00,0.46,NO
10:29:07.740,435,35,0.59,0.02,0.64,0.37,NO
10:29:07.740,435,37,0.63,0.02,0.60,0.38,NO
10:29:07.782,438,44,0.42,0.01,0.00,0.17,NO
10:29:07.782,438,43,0.55,0.01,0.00,0.22,NO
10:29:07.782,438,33,0.57,0.08,0.00,0.26,NO
10:29:07.782,438,41,0.62,0.01,0.00,0.25,NO
10:29:07.782,438,46,0.76,0.00,0.00,0.30,NO
10:29:07.782,438,18,0.51,0.89,1.00,0.76,YES
10:29:07.782,438,45,0.65,0.00,0.00,0.26,NO
10:29:07.782,438,47,0.76,0.00,0.00,0.30,NO
10:29:07.782,438,35,0.57,0.02,0.32,0.30,NO
10:29:07.782,438,32,0.44,0.15,1.00,0.44,NO
10:29:07.782,438,37,0.49,0.02,0.03,0.21,NO
10:29:07.782,438,26,0.48,0.27,1.00,0.50,NO
10:29:07.826,441,46,0.57,0.00,0.00,0.23,NO
10:29:07.826,441,45,0.63,0.01,0.00,0.25,NO
10:29:07.826,441,47,0.69,0.00,0.00,0.28,NO
10:29:07.826,441,41,0.47,0.01,0.00,0.19,NO
10:29:07.826,441,33,0.82,0.08,0.34,0.43,NO
10:29:07.826,441,37,0.46,0.02,0.00,0.19,NO
10:29:07.826,441,32,0.72,0.14,0.63,0.47,NO
10:29:07.826,441,26,0.48,0.26,1.00,0.49,NO
10:29:07.826,441,18,0.83,0.76,1.00,0.84,YES
10:29:07.826,441,35,0.51,0.02,0.17,0.24,NO
10:29:07.826,441,43,0.56,0.01,0.00,0.23,NO
10:29:07.826,441,44,0.65,0.01,0.00,0.26,NO
10:29:07.868,444,46,0.61,0.00,0.00,0.24,NO
10:29:07.868,444,44,0.59,0.01,0.00,0.24,NO
10:29:07.868,444,35,0.68,0.02,0.55,0.39,NO
10:29:07.868,444,43,0.46,0.00,0.21,0.23,NO
10:29:07.868,444,37,0.79,0.02,0.47,0.42,NO
10:29:07.868,444,26,0.44,0.25,1.00,0.47,NO
10:29:07.868,444,18,0.70,0.59,1.00,0.72,YES
10:29:07.868,444,45,0.48,0.01,0.36,0.26,NO
10:29:07.868,444,41,0.81,0.01,0.22,0.37,NO
10:29:07.868,444,33,0.47,0.07,1.00,0.42,NO
10:29:07.868,444,32,0.59,0.14,1.00,0.49,NO
10:29:07.868,444,47,0.40,0.00,0.00,0.16,NO
10:29:07.868,444,48,0.69,0.00,0.00,0.27,NO
10:29:07.868,444,49,0.40,0.00,0.00,0.16,NO
10:29:07.912,447,37,0.46,0.02,0.22,0.24,NO
10:29:07.912,447,18,0.50,0.43,1.00,0.57,NO
10:29:07.912,447,45,0.44,0.01,0.33,0.24,NO
10:29:07.912,447,43,0.63,0.01,0.32,0.32,NO
10:29:07.912,447,35,0.51,0.02,0.39,0.29,NO
10:29:07.912,447,32,0.40,0.13,1.00,0.42,NO
10:29:07.912,447,48,0.75,0.00,0.00,0.30,NO
10:29:07.912,447,47,0.41,0.01,1.00,0.37,NO
10:29:07.912,447,41,0.77,0.01,1.00,0.51,NO
10:29:07.912,447,49,0.45,0.00,0.00,0.18,NO
10:29:07.912,447,33,0.78,0.07,1.00,0.54,NO
10:29:07.912,447,26,0.44,0.24,1.00,0.47,NO
10:29:07.912,447,44,0.80,0.01,1.00,0.52,NO
10:29:07.912,447,46,0.47,0.01,1.00,0.39,NO
10:29:07.912,447,50,0.62,0.00,0.00,0.25,NO
10:29:07.912,447,51,0.43,0.00,0.00,0.17,NO
10:29:07.912,447,52,0.66,0.00,0.00,0.27,NO
10:29:07.948,450,43,0.65,0.01,0.00,0.26,NO
10:29:07.948,450,35,0.72,0.02,0.08,0.31,NO
10:29:07.948,450,18,0.41,0.26,1.00,0.47,NO
10:29:07.948,450,41,0.72,0.01,0.80,0.45,NO
10:29:07.948,450,47,0.45,0.01,1.00,0.38,NO
10:29:07.948,450,37,0.81,0.02,0.87,0.51,NO
10:29:07.948,450,33,0.53,0.07,1.00,0.44,NO
10:29:07.948,450,48,0.75,0.00,0.00,0.30,NO
10:29:07.948,450,26,0.45,0.23,1.00,0.47,NO
10:29:07.948,450,44,0.83,0.01,1.00,0.54,NO
10:29:07.948,450,52,0.56,0.00,0.00,0.22,NO
10:29:07.948,450,50,0.61,0.00,0.00,0.25,NO
10:29:07.948,450,51,0.42,0.00,0.00,0.17,NO
10:29:07.948,450,49,0.69,0.00,0.00,0.28,NO
10:29:07.948,450,46,0.52,0.01,1.00,0.41,NO
10:29:07.985,453,33,0.47,0.06,1.00,0.42,NO
10:29:07.985,453,52,0.66,0.00,0.00,0.26,NO
10:29:07.985,453,18,0.49,0.13,1.00,0.45,NO
10:29:07.985,453,50,0.69,0.00,0.00,0.28,NO
10:29:07.985,453,46,0.57,0.01,1.00,0.43,NO
10:29:07.985,453,49,0.76,0.00,0.00,0.30,NO
10:29:07.985,453,48,0.61,0.00,0.00,0.24,NO
10:29:07.985,453,51,0.75,0.00,0.00,0.30,NO
10:29:07.985,453,41,0.59,0.01,1.00,0.44,NO
10:29:07.985,453,44,0.80,0.01,1.00,0.52,NO
10:29:07.985,453,37,0.64,0.03,1.00,0.47,NO
10:29:07.985,453,26,0.59,0.12,1.00,0.48,NO
10:29:07.985,453,35,0.52,0.02,1.00,0.42,NO
10:29:07.985,453,47,0.68,0.01,1.00,0.47,NO
10:29:07.985,453,43,0.59,0.01,1.00,0.44,NO
10:29:08.021,456,33,0.46,0.06,1.00,0.41,NO
10:29:08.021,456,49,0.41,0.00,0.00,0.16,NO
10:29:08.021,456,52,0.58,0.00,0.00,0.23,NO
10:29:08.021,456,51,0.66,0.00,0.00,0.26,NO
10:29:08.021,456,37,0.54,0.03,1.00,0.43,NO
10:29:08.021,456,50,0.69,0.00,0.00,0.28,NO
10:29:08.021,456,43,0.50,0.02,1.00,0.41,NO
10:29:08.021,456,26,0.72,0.07,1.00,0.51,NO
10:29:08.021,456,48,0.59,0.00,0.00,0.23,NO
10:29:08.021,456,44,0.74,0.01,1.00,0.50,NO
10:29:08.021,456,35,0.56,0.02,1.00,0.43,NO
10:29:08.021,456,47,0.58,0.01,1.00,0.44,NO
10:29:08.021,456,46,0.52,0.02,1.00,0.41,NO
10:29:08.021,456,41,0.64,0.02,1.00,0.46,NO
10:29:08.021,456,18,0.52,0.07,1.00,0.44,NO
10:29:08.058,459,52,0.48,0.00,0.00,0.19,NO
10:29:08.058,459,51,0.58,0.00,0.00,0.23,NO
10:29:08.058,459,46,0.51,0.03,1.00,0.41,NO
10:29:08.058,459,50,0.67,0.00,0.00,0.27,NO
10:29:08.058,459,35,0.52,0.03,1.00,0.42,NO
10:29:08.058,459,26,0.66,0.05,1.00,0.48,NO
10:29:08.058,459,48,0.57,0.04,1.00,0.45,NO
10:29:08.058,459,44,0.71,0.01,1.00,0.49,NO
10:29:08.058,459,43,0.58,0.03,1.00,0.44,NO
10:29:08.058,459,47,0.54,0.02,1.00,0.42,NO
10:29:08.058,459,37,0.49,0.04,1.00,0.41,NO
10:29:08.058,459,41,0.58,0.02,1.00,0.44,NO
10:29:08.058,459,18,0.52,0.06,1.00,0.43,NO
10:29:08.093,462,52,0.45,0.01,0.00,0.18,NO
10:29:08.093,462,50,0.58,0.01,0.00,0.24,NO
10:29:08.093,462,44,0.42,0.01,1.00,0.37,NO
10:29:08.093,462,41,0.77,0.02,0.75,0.47,NO
10:29:08.093,462,35,0.48,0.03,0.84,0.37,NO
10:29:08.093,462,43,0.76,0.03,0.07,0.33,NO
10:29:08.093,462,51,0.47,0.02,0.10,0.22,NO
10:29:08.093,462,18,0.80,0.04,1.00,0.54,NO
10:29:08.093,462,46,0.54,0.02,0.75,0.38,NO
10:29:08.093,462,47,0.79,0.02,0.00,0.32,NO
10:29:08.093,462,26,0.45,0.03,1.00,0.39,NO
10:29:08.093,462,37,0.65,0.04,1.00,0.47,NO
10:29:08.093,462,48,0.43,0.03,0.07,0.20,NO
10:29:08.093,462,53,0.62,0.00,0.00,0.25,NO
10:29:08.129,465,43,0.52,0.03,0.00,0.22,NO
10:29:08.129,465,47,0.71,0.02,0.00,0.29,NO
10:29:08.129,465,18,0.71,0.03,0.85,0.47,NO
10:29:08.129,465,50,0.45,0.01,0.00,0.19,NO
10:29:08.129,465,52,0.78,0.01,0.00,0.32,NO
10:29:08.129,465,46,0.60,0.02,0.00,0.25,NO
10:29:08.129,465,37,0.76,0.03,0.70,0.46,NO
10:29:08.129,465,35,0.49,0.03,0.49,0.30,NO
10:29:08.129,465,53,0.81,0.00,0.00,0.32,NO
10:29:08.129,465,48,0.66,0.03,0.00,0.27,NO
10:29:08.129,465,26,0.56,0.03,0.86,0.41,NO
10:29:08.129,465,41,0.44,0.01,0.40,0.26,NO
10:29:08.129,465,44,0.65,0.01,0.31,0.33,NO
10:29:08.129,465,51,0.59,0.02,0.00,0.24,NO
10:29:08.165,468,44,0.53,0.01,0.00,0.22,NO
10:29:08.165,468,43,0.55,0.03,0.00,0.23,NO
10:29:08.165,468,47,0.68,0.02,0.00,0.28,NO
10:29:08.165,468,18,0.75,0.03,0.28,0.37,NO
10:29:08.165,468,41,0.53,0.01,0.10,0.24,NO
10:29:08.165,468,52,0.81,0.02,0.00,0.33,NO
10:29:08.165,468,48,0.60,0.03,0.00,0.25,NO
10:29:08.165,468,37,0.80,0.03,0.14,0.36,NO
10:29:08.165,468,35,0.58,0.03,0.31,0.30,NO
10:29:08.165,468,53,0.83,0.00,0.00,0.33,NO
10:29:08.165,468,50,0.65,0.01,0.00,0.26,NO
10:29:08.165,468,26,0.61,0.02,0.27,0.31,NO
10:29:08.165,468,51,0.49,0.02,0.00,0.20,NO
10:29:08.165,468,46,0.66,0.02,0.00,0.27,NO
10:29:08.165,468,54,0.58,0.00,0.00,0.23,NO
10:29:08.202,471,18,0.58,0.03,0.09,0.26,NO
10:29:08.202,471,52,0.41,0.02,0.00,0.17,NO
10:29:08.202,471,47,0.46,0.02,0.00,0.19,NO
10:29:08.202,471,37,0.72,0.03,0.52,0.40,NO
10:29:08.202,471,50,0.56,0.01,0.00,0.23,NO
10:29:08.202,471,53,0.76,0.00,0.00,0.30,NO
10:29:08.202,471,48,0.41,0.03,0.00,0.17,NO
10:29:08.202,471,26,0.77,0.02,0.60,0.44,NO
10:29:08.202,471,54,0.63,0.00,0.00,0.25,NO
10:29:08.202,471,46,0.79,0.03,0.00,0.33,NO
10:29:08.202,471,41,0.47,0.01,0.12,0.21,NO
10:29:08.202,471,51,0.59,0.02,0.00,0.24,NO
10:29:08.202,471,35,0.56,0.03,0.82,0.40,NO
10:29:08.202,471,44,0.61,0.01,0.15,0.28,NO
10:29:08.202,471,43,0.41,0.03,0.55,0.29,NO
10:29:08.238,474,44,0.44,0.01,0.00,0.18,NO
10:29:08.238,474,26,0.52,0.02,0.00,0.22,NO
10:29:08.238,474,52,0.60,0.01,0.00,0.25,NO
10:29:08.238,474,46,0.61,0.02,0.00,0.25,NO
10:29:08.238,474,51,0.72,0.02,0.04,0.30,NO
10:29:08.238,474,35,0.53,0.02,1.00,0.42,NO
10:29:08.238,474,37,0.76,0.03,0.50,0.42,NO
10:29:08.238,474,54,0.43,0.00,0.00,0.17,NO
10:29:08.238,474,43,0.78,0.03,1.00,0.52,NO
10:29:08.238,474,50,0.58,0.01,0.73,0.38,NO
10:29:08.238,474,18,0.80,0.03,0.96,0.52,NO
10:29:08.238,474,41,0.50,0.02,1.00,0.40,NO
10:29:08.238,474,48,0.62,0.03,0.37,0.33,NO
10:29:08.238,474,53,0.52,0.00,0.00,0.21,NO
10:29:08.238,474,47,0.66,0.02,0.62,0.40,NO
10:29:08.238,474,55,0.48,0.00,0.00,0.19,NO
10:29:08.275,477,46,0.44,0.02,0.00,0.19,NO
10:29:08.275,477,52,0.68,0.01,0.00,0.28,NO
10:29:08.275,477,44,0.72,0.01,0.00,0.29,NO
10:29:08.275,477,26,0.73,0.02,0.00,0.30,NO
10:29:08.275,477,37,0.82,0.03,0.00,0.34,NO
10:29:08.275,477,18,0.55,0.03,0.00,0.23,NO
10:29:08.275,477,47,0.77,0.02,0.00,0.31,NO
10:29:08.275,477,51,0.41,0.01,0.00,0.17,NO
10:29:08.275,477,54,0.84,0.00,0.00,0.34,NO
10:29:08.275,477,41,0.60,0.02,0.00,0.24,NO
10:29:08.275,477,43,0.61,0.02,0.27,0.31,NO
10:29:08.275,477,35,0.69,0.02,0.00,0.28,NO
10:29:08.275,477,55,0.49,0.00,0.00,0.20,NO
10:29:08.311,480,43,0.53,0.02,1.00,0.42,NO
10:29:08.311,480,55,0.51,0.00,0.00,0.21,NO
10:29:08.311,480,41,0.44,0.01,0.94,0.37,NO
10:29:08.311,480,51,0.69,0.02,1.00,0.48,NO
10:29:08.311,480,35,0.63,0.02,1.00,0.46,NO
10:29:08.311,480,47,0.68,0.02,1.00,0.48,NO
10:29:08.311,480,26,0.45,0.02,0.95,0.38,NO
10:29:08.311,480,54,0.76,0.00,0.00,0.31,NO
10:29:08.311,480,37,0.67,0.03,1.00,0.48,NO
10:29:08.311,480,46,0.74,0.02,1.00,0.51,NO
10:29:08.311,480,18,0.50,0.02,1.00,0.41,NO
10:29:08.311,480,44,0.63,0.02,1.00,0.46,NO
10:29:08.311,480,52,0.59,0.02,1.00,0.44,NO
10:29:08.311,480,56,0.64,0.00,0.00,0.26,NO
10:29:08.311,480,57,0.47,0.00,0.00,0.19,NO
10:29:08.347,483,43,0.43,0.02,0.86,0.35,NO
10:29:08.347,483,35,0.72,0.02,0.72,0.44,NO
10:29:08.347,483,41,0.42,0.01,0.67,0.31,NO
10:29:08.347,483,55,0.57,0.00,0.00,0.23,NO
10:29:08.347,483,51,0.77,0.02,1.00,0.51,NO
10:29:08.347,483,52,0.62,0.02,1.00,0.46,NO
10:29:08.347,483,47,0.74,0.02,1.00,0.50,NO
10:29:08.347,483,54,0.82,0.03,1.00,0.54,NO
10:29:08.347,483,37,0.68,0.03,1.00,0.48,NO
10:29:08.347,483,46,0.80,0.02,1.00,0.53,NO
10:29:08.347,483,44,0.47,0.02,1.00,0.40,NO
10:29:08.347,483,56,0.68,0.00,0.00,0.27,NO
10:29:08.347,483,18,0.62,0.02,1.00,0.46,NO
10:29:08.347,483,57,0.69,0.00,0.00,0.28,NO
10:29:08.384,486,35,0.57,0.02,1.00,0.43,NO
10:29:08.384,486,18,0.55,0.02,1.00,0.43,NO
10:29:08.384,486,52,0.42,0.02,1.00,0.38,NO
10:29:08.384,486,54,0.69,0.03,1.00,0.49,NO
10:29:08.384,486,51,0.65,0.02,1.00,0.47,NO
10:29:08.384,486,57,0.58,0.00,0.00,0.23,NO
10:29:08.384,486,37,0.45,0.03,1.00,0.39,NO
10:29:08.384,486,56,0.78,0.00,0.00,0.31,NO
10:29:08.384,486,46,0.71,0.03,1.00,0.49,NO
10:29:08.384,486,44,0.68,0.02,1.00,0.48,NO
10:29:08.384,486,47,0.54,0.02,1.00,0.43,NO
10:29:08.384,486,41,0.66,0.01,1.00,0.47,NO
10:29:08.384,486,43,0.60,0.03,1.00,0.45,NO
10:29:08.384,486,55,0.62,0.00,0.00,0.25,NO
10:29:08.384,486,58,0.50,0.00,0.00,0.20,NO
10:29:08.421,489,35,0.58,0.02,0.99,0.44,NO
10:29:08.421,489,18,0.55,0.02,1.00,0.43,NO
10:29:08.421,489,56,0.69,0.00,0.00,0.28,NO
10:29:08.421,489,43,0.64,0.03,1.00,0.47,NO
10:29:08.421,489,57,0.60,0.00,0.00,0.24,NO
10:29:08.421,489,47,0.45,0.03,1.00,0.39,NO
10:29:08.421,489,41,0.78,0.02,1.00,0.52,NO
10:29:08.421,489,46,0.71,0.03,1.00,0.50,NO
10:29:08.421,489,44,0.69,0.02,1.00,0.48,NO
10:29:08.421,489,58,0.54,0.00,0.00,0.22,NO
10:29:08.421,489,55,0.43,0.01,1.00,0.37,NO
10:29:08.421,489,54,0.63,0.02,1.00,0.46,NO
10:29:08.421,489,51,0.60,0.02,1.00,0.45,NO
10:29:08.421,489,37,0.57,0.03,1.00,0.44,NO
10:29:08.421,489,52,0.48,0.03,1.00,0.40,NO
10:29:08.458,492,35,0.67,0.02,0.67,0.41,NO
10:29:08.458,492,18,0.57,0.02,1.00,0.44,NO
10:29:08.458,492,44,0.75,0.02,1.00,0.51,NO
10:29:08.458,492,58,0.64,0.00,0.00,0.26,NO
10:29:08.458,492,55,0.62,0.01,0.39,0.33,NO
10:29:08.458,492,57,0.42,0.00,0.00,0.17,NO
10:29:08.458,492,56,0.82,0.00,0.00,0.33,NO
10:29:08.458,492,47,0.68,0.03,1.00,0.48,NO
10:29:08.458,492,37,0.70,0.03,0.76,0.44,NO
10:29:08.458,492,43,0.43,0.03,1.00,0.38,NO
10:29:08.458,492,41,0.48,0.01,1.00,0.40,NO
10:29:08.458,492,54,0.65,0.02,1.00,0.47,NO
10:29:08.458,492,52,0.57,0.03,1.00,0.44,NO
10:29:08.458,492,46,0.53,0.03,1.00,0.42,NO
10:29:08.494,495,46,0.63,0.03,0.82,0.43,NO
10:29:08.494,495,18,0.50,0.03,1.00,0.41,NO
10:29:08.494,495,56,0.69,0.01,0.59,0.40,NO
10:29:08.494,495,52,0.67,0.03,1.00,0.48,NO
10:29:08.494,495,37,0.59,0.03,1.00,0.45,NO
10:29:08.494,495,43,0.46,0.04,1.00,0.40,NO
10:29:08.494,495,44,0.78,0.03,1.00,0.52,NO
10:29:08.494,495,47,0.74,0.04,1.00,0.51,NO
10:29:08.494,495,58,0.69,0.00,0.00,0.27,NO
10:29:08.494,495,55,0.57,0.02,1.00,0.44,NO
10:29:08.494,495,54,0.63,0.02,1.00,0.46,NO
10:29:08.494,495,57,0.63,0.02,1.00,0.46,NO
10:29:08.494,495,41,0.56,0.02,1.00,0.43,NO
10:29:08.494,495,35,0.52,0.03,1.00,0.42,NO
10:29:08.531,498,46,0.47,0.03,0.06,0.21,NO
10:29:08.531,498,18,0.46,0.03,0.88,0.37,NO
10:29:08.531,498,56,0.65,0.03,0.38,0.35,NO
10:29:08.531,498,52,0.62,0.06,1.00,0.47,NO
10:29:08.531,498,37,0.61,0.04,0.97,0.45,NO
10:29:08.531,498,43,0.47,0.06,1.00,0.41,NO
10:29:08.531,498,44,0.74,0.05,1.00,0.52,NO
10:29:08.531,498,47,0.70,0.06,1.00,0.50,NO
10:29:08.531,498,58,0.69,0.00,0.00,0.28,NO
10:29:08.531,498,55,0.58,0.04,1.00,0.45,NO
10:29:08.531,498,41,0.42,0.02,1.00,0.38,NO
10:29:08.531,498,54,0.60,0.04,1.00,0.46,NO
10:29:08.531,498,57,0.59,0.05,1.00,0.46,NO
10:29:08.531,498,35,0.58,0.03,1.00,0.45,NO
10:29:08.531,498,59,0.53,0.00,0.00,0.21,NO
10:29:08.568,501,46,0.43,0.03,0.00,0.18,NO
10:29:08.568,501,18,0.47,0.03,0.00,0.20,NO
10:29:08.568,501,56,0.66,0.04,0.33,0.35,NO
10:29:08.568,501,52,0.60,0.07,1.00,0.47,NO
10:29:08.568,501,37,0.65,0.04,0.71,0.42,NO
10:29:08.568,501,43,0.52,0.07,1.00,0.44,NO
10:29:08.568,501,41,0.40,0.03,0.87,0.35,NO
10:29:08.568,501,44,0.76,0.07,1.00,0.53,NO
10:29:08.568,501,59,0.67,0.00,0.00,0.27,NO
10:29:08.568,501,58,0.42,0.01,0.00,0.17,NO
10:29:08.568,501,35,0.72,0.04,1.00,0.51,NO
10:29:08.568,501,55,0.61,0.06,1.00,0.47,NO
10:29:08.568,501,54,0.48,0.04,0.06,0.22,NO
10:29:08.568,501,57,0.59,0.06,0.53,0.37,NO
10:29:08.568,501,47,0.56,0.07,1.00,0.45,NO
10:29:08.568,501,60,0.41,0.00,0.00,0.17,NO
10:29:08.568,501,61,0.57,0.00,0.00,0.23,NO
10:29:08.568,501,62,0.54,0.00,0.00,0.22,NO
10:29:08.604,504,62,0.44,0.00,0.00,0.18,NO
10:29:08.604,504,55,0.42,0.06,0.60,0.31,NO
10:29:08.604,504,47,0.53,0.08,1.00,0.44,NO
10:29:08.604,504,59,0.69,0.00,0.00,0.27,NO
10:29:08.604,504,35,0.52,0.04,0.62,0.35,NO
10:29:08.604,504,43,0.66,0.08,1.00,0.49,NO
10:29:08.604,504,52,0.62,0.08,1.00,0.48,NO
10:29:08.604,504,57,0.77,0.06,0.51,0.44,NO
10:29:08.604,504,61,0.57,0.00,0.00,0.23,NO
10:29:08.604,504,44,0.76,0.08,1.00,0.53,NO
10:29:08.604,504,56,0.51,0.04,0.00,0.22,NO
10:29:08.604,504,37,0.63,0.05,1.00,0.47,NO
10:29:08.604,504,46,0.45,0.03,0.70,0.33,NO
10:29:08.604,504,60,0.65,0.00,0.00,0.26,NO
10:29:08.641,507,35,0.64,0.04,0.40,0.35,NO
10:29:08.641,507,55,0.57,0.05,0.60,0.37,NO
10:29:08.641,507,61,0.42,0.00,0.00,0.17,NO
10:29:08.641,507,47,0.67,0.07,1.00,0.50,NO
10:29:08.641,507,52,0.67,0.08,1.00,0.50,NO
10:29:08.641,507,46,0.59,0.03,0.63,0.37,NO
10:29:08.641,507,43,0.54,0.07,0.97,0.44,NO
10:29:08.641,507,56,0.77,0.03,0.44,0.41,NO
10:29:08.641,507,59,0.74,0.00,0.00,0.29,NO
10:29:08.641,507,37,0.67,0.04,0.59,0.40,NO
10:29:08.641,507,44,0.62,0.08,0.81,0.44,NO
10:29:08.641,507,57,0.46,0.06,0.00,0.21,NO
10:29:08.641,507,60,0.63,0.00,0.00,0.25,NO
10:29:08.641,507,62,0.61,0.00,0.00,0.24,NO
10:29:08.641,507,63,0.51,0.00,0.00,0.20,NO
10:29:08.641,507,64,0.54,0.00,0.00,0.22,NO
10:29:08.678,510,63,0.48,0.00,0.00,0.19,NO
10:29:08.678,510,47,0.55,0.07,1.00,0.45,NO
10:29:08.678,510,59,0.56,0.00,0.00,0.23,NO
10:29:08.678,510,46,0.48,0.03,0.06,0.21,NO
10:29:08.678,510,52,0.40,0.08,1.00,0.39,NO
10:29:08.678,510,56,0.61,0.03,0.11,0.28,NO
10:29:08.678,510,62,0.70,0.00,0.00,0.28,NO
10:29:08.678,510,64,0.46,0.00,0.00,0.18,NO
10:29:08.678,510,35,0.56,0.03,0.16,0.27,NO
10:29:08.678,510,55,0.56,0.05,1.00,0.44,NO
10:29:08.678,510,57,0.45,0.06,0.00,0.20,NO
10:29:08.678,510,60,0.52,0.00,0.00,0.21,NO
10:29:08.678,510,44,0.60,0.08,1.00,0.47,NO
10:29:08.678,510,37,0.42,0.06,1.00,0.39,NO
10:29:08.678,510,61,0.42,0.00,0.00,0.17,NO
10:29:08.678,510,43,0.48,0.07,1.00,0.42,NO
10:29:08.714,513,56,0.49,0.03,0.38,0.28,NO
10:29:08.714,513,62,0.65,0.00,0.00,0.26,NO
10:29:08.714,513,52,0.47,0.08,1.00,0.42,NO
10:29:08.714,513,59,0.56,0.02,0.57,0.34,NO
10:29:08.714,513,44,0.77,0.09,1.00,0.54,NO
10:29:08.714,513,64,0.51,0.00,0.00,0.21,NO
10:29:08.714,513,35,0.44,0.03,0.41,0.27,NO
10:29:08.714,513,55,0.62,0.05,1.00,0.47,NO
10:29:08.714,513,60,0.51,0.00,0.00,0.21,NO
10:29:08.714,513,43,0.63,0.07,1.00,0.48,NO
10:29:08.714,513,37,0.46,0.07,1.00,0.41,NO
10:29:08.714,513,47,0.53,0.07,1.00,0.44,NO
10:29:08.751,516,35,0.44,0.03,0.18,0.23,NO
10:29:08.751,516,56,0.57,0.03,0.00,0.24,NO
10:29:08.751,516,62,0.58,0.02,1.00,0.44,NO
10:29:08.751,516,59,0.47,0.05,0.00,0.21,NO
10:29:08.751,516,60,0.64,0.01,0.49,0.36,NO
10:29:08.751,516,44,0.72,0.09,1.00,0.52,NO
10:29:08.751,516,37,0.47,0.09,1.00,0.42,NO
10:29:08.751,516,52,0.55,0.08,0.00,0.26,NO
10:29:08.751,516,55,0.55,0.05,1.00,0.44,NO
10:29:08.751,516,43,0.43,0.07,0.07,0.22,NO
10:29:08.751,516,47,0.57,0.07,1.00,0.46,NO
10:29:08.751,516,64,0.59,0.00,0.00,0.24,NO
10:29:08.751,516,65,0.42,0.00,0.00,0.17,NO
10:29:08.751,516,66,0.46,0.00,0.00,0.19,NO
10:29:08.789,519,59,0.41,0.09,0.00,0.20,NO
10:29:08.789,519,35,0.51,0.03,0.00,0.22,NO
10:29:08.789,519,56,0.62,0.03,0.00,0.26,NO
10:29:08.789,519,55,0.68,0.05,1.00,0.49,NO
10:29:08.789,519,52,0.52,0.09,0.00,0.24,NO
10:29:08.789,519,60,0.46,0.01,0.08,0.20,NO
10:29:08.789,519,47,0.70,0.07,1.00,0.51,NO
10:29:08.789,519,62,0.78,0.02,0.51,0.42,NO
10:29:08.789,519,44,0.43,0.10,1.00,0.41,NO
10:29:08.789,519,65,0.59,0.00,0.00,0.24,NO
10:29:08.789,519,66,0.60,0.00,0.00,0.24,NO
10:29:08.789,519,43,0.46,0.07,0.06,0.23,NO
10:29:08.789,519,64,0.60,0.00,0.00,0.24,NO
10:29:08.789,519,37,0.62,0.09,1.00,0.48,NO
10:29:08.789,519,67,0.44,0.00,0.00,0.17,NO
10:29:08.789,519,68,0.50,0.00,0.00,0.20,NO
